Country;City;Km (section);Km (cuml.);Connection
GB;Larne;0;0;E18
GB;Belfast;36;36;E16, E18
IRL;Dublin;165;201;E20
IRL;Wexford;140;341;E30
IRL;Rosslare;19;360;E30
E;La Coruña;1002;1362;E70
E;Pontevedra;128;1490; 
P;Valença do Minho;57;1547; 
P;Porto;115;1663;E82
P;Aveiro;67;1730;E80
P;Coimbra;61;1791;E80, E801
P;Lisboa;199;1990;E80, E90
P;Setúbal;46;2036;E90
P;Faro;262;2298; 
P;Vila Real de Santo António;57;2356; 
E;Huelva;62;2418; 
E;Sevilla;91;2509;E05, E803
Country;City;Km (section);Km (cuml.);Connection
F;Cherbourg;0;0;E46
F;Rennes;205;205;E50
F;Nantes;112;317;E60, E62
F;La Rochelle;143;459;E601, E602
Country;City;Km (section);Km (cuml.);Connection
S;Helsingborg;0;0;E55, E20, E47
S;Jönköping;241;241; 
S;Norrköping;170;411;E22
S;Södertälje;130;541;E20
S;Stockholm;32;573;E20, E18
S;Sundsvall;387;960;E14
S;Umeå;281;1241;E12
S;Luleå;274;1515;E10
S;Haparanda;134;1649; 
FIN;Tornio;6;1655;E08
FIN;Kemi;33;1688;E75
Country;City;Km (section);Km (cuml.);Connection
GB;Greenock;0;0; 
GB;Glasgow;40;40;E16
GB;Gretna;142;182;E18
GB;Carlisle;16;197;E18
GB;Penrith;40;237; 
GB;Preston;109;346; 
GB;Warrington;49;396;E22
GB;Birmingham;128;523;E24
GB;Newbury;166;689; 
GB;Southampton;71;760; 
F;Le Havre;207;967;E44
F;Paris;196;1163;E15, E50, E19, E54
F;Orléans;134;1297;E60, E09
F;Tours;118;1415;E60, E502, E604
F;Poitiers;101;1516;E62
F;Bordeaux;256;1773;E70, E72, E606
E;San Sebastián;243;2015;E70, E80
E;Burgos;246;2261;E80
E;Madrid;250;2511;E90, E901
E;Cordóba;391;2902; 
E;Sevilla;141;3043;E01, E803
E;Cádiz;122;3165; 
E;Algeciras;117;3281;E15
Country;City;Km (section);Km (cuml.);Connection
S;Trelleborg;0;0;E22
S;Malmö;27;27;E65, E20, E22
S;Halmstad;140;167;E20
S;Göteborg;136;304;E45, E20
N;Oslo;314;618;E16, E18
N;Lillehammer;178;796; 
N;Trondheim;352;1147;E39, E14
N;Narvik;887;2034;E10
N;Olderfjord;612;2646;E69
N;Karasjok;138;2783; 
N;Kirkenes;267;3050;E105
Country;City;Km (section);Km (cuml.);Connection
F;Pau;0;0;E80
E;Jaça;115;115; 
E;Huesca;73;187; 
E;Zaragoza;72;259;E90, E804
Country;City;Km (section);Km (cuml.);Connection
N;Tromsø;0;0; 
N;Nordkjosbotn;70;70; 
N;Skibotn;48;118; 
FIN;Kilpisjärvi;44;162; 
FIN;Tornio;457;619;E04
Country;City;Km (section);Km (cuml.);Connection
F;Orléans;0;0;E05, E60
F;Limoges;277;277;E603
F;Toulouse;299;575;E80, E72
E;Barcelona;391;967;E15, E90
Country;City;Km (section);Km (cuml.);Connection
N;Kirkenes;0;0;E06
RUS;Murmansk;243;243; 
RUS;Petrozavodsk;948;1191; 
RUS;Sankt-Peterburg;415;1606;E95, E20, E18
RUS;Moskva;717;2323;E115, E30
RUS;Orel;357;2680;E381
UA;Charkov;379;3059;E40
UA;Simferopol;649;3708; 
UA;Alushta;43;3751; 
UA;Jalta;43;3795; 
Country;City;Km (section);Km (cuml.);Connection
N;Å;0;0; 
N;Narvik;400;400;E06
S;Kiruna;175;575; 
S;Luleå;350;924;E04
Country;City;Km (section);Km (cuml.);Connection
RUS;Moskva;0;0;E105, E30
RUS;Rostov-na-Donu;1066;1066;E40, E97
RUS;Stavropol;411;1476; 
RUS;MachaÄkala;624;2100;Â 
AZ;Baku;400;2500; 
 ;*Iran*;307;2807; 
Country;City;Km (section);Km (cuml.);Connection
F;Vierzon;0;0;E604
F;Montluçon;121;121; 
F;Clermont-Ferrand;114;235;E70
F;Montpellier;335;570; 
Country;City;Km (section);Km (cuml.);Connection
N;Mo i Rana;0;0; 
S;Umeå;475;475;E04
FIN;Vaasa;118;592; 
FIN;Tampere;240;832;E63
FIN;Helsinki;177;1009;E75, E67, E18
Country;City;Km (section);Km (cuml.);Connection
N;Haugesund;0;0; 
N;Haukeligrend;188;188; 
N;Drammen;214;402; 
Country;City;Km (section);Km (cuml.);Connection
N;Ålesund;0;0;E39
N;Andalsnes;119;119; 
N;Dombås;104;223; 
Country;City;Km (section);Km (cuml.);Connection
GB;Doncaster;0;0;E15, E22
GB;Sheffield;38;38; 
GB;Nottingham;74;112; 
GB;Leicester;43;154; 
GB;Northampton;63;218; 
GB;London;110;328;E15, E30
Country;City;Km (section);Km (cuml.);Connection
N;Trondheim;0;0;E39, E06
S;Storlien;103;103; 
S;Ostersund;159;262; 
S;Sundsvall;186;448;E04
Country;City;Km (section);Km (cuml.);Connection
GB;Inverness;0;0; 
GB;Perth;182;182; 
GB;Edinburgh;68;251;E16
GB;Newcastle upon Tyne;183;434;E18
GB;Scotch Corner;73;507; 
GB;Doncaster;118;625;E13, E22
GB;London;277;902;E30, E13
GB;Folkestone;112;1014; 
GB;Dover;11;1025; 
F;Calais;42;1068;E40, E402
F;Paris;291;1358;E05, E50, E19, E54
F;Lyon;467;1825;E70, E611, E711
F;Orange;204;2029;E714
F;Narbonne;191;2220;E80
E;Gerona;153;2373; 
E;Barcelona;102;2475;E90, E09
E;Tarragona;112;2586; 
E;Castellón de la Plana;188;2774; 
E;Valencia;74;2849;E901
E;Alicante;173;3022; 
E;Murcia;80;3102; 
E;Algeciras;525;3627;E05
Country;City;Km (section);Km (cuml.);Connection
GB;Londonderry;0;0; 
GB;Belfast;115;115;E01, E18
GB;Glasgow;239;355;E05
GB;Edinburgh;75;429;E15
N;Bergen;702;1131;E39
N;Fagernes;365;1496; 
N;Oslo;182;1679;E06, E18
Country;City;Km (section);Km (cuml.);Connection
B;Antwerpen;0;0;E19, E34, E313
B;Gent;58;58;E40
B;Kortrijk;49;107;E403
F;Cambrai;104;211; 
F;Reims;147;357;E50, E46, E420
F;Beaune;339;696;E60
Country;City;Km (section);Km (cuml.);Connection
GB;Craigavon;0;0; 
GB;Belfast;38;38;E01, E16
GB;Larne;36;74;E01
GB;Stranraer;70;144; 
GB;Gretna;153;297;E05
GB;Carlisle;16;313;E05
GB;Newcastle upon Tyne;114;427;E15
N;Kristiansand;684;1111;E39
N;Oslo;323;1434;E06, E16
S;Örebro;336;1770;E20
S;Arboga;42;1811;E20
S;Västeras;57;1868; 
S;Stockholm;108;1977;E20, E04
S;Kapellskär;93;2070; 
FIN;Mariehamn;65;2135; 
FIN;Naantali;154;2289; 
FIN;Turku;15;2304;E63
FIN;Helsinki;167;2471;E75, E67, E12
FIN;Vaalimaa;191;2662; 
RUS;Sankt-Peterburg;205;2867;E95, E105, E20
Country;City;Km (section);Km (cuml.);Connection
NL;Amsterdam;0;0;E35, E22, E231
NL;Den Haag;59;59;E30
NL;Rotterdam;26;85;E25, E31
NL;Breda;46;131;E311, E312
B;Antwerpen;58;189;E17, E34, E313
B;Bruxelles;49;237;E40, E411
B;Mons;66;304;E42
F;Valenciennes;42;345; 
F;Paris;206;551;E05, E15, E50, E54
Country;City;Km (section);Km (cuml.);Connection
IRL;Cork;0;0;E30
IRL;Portlaoise;173;173;E20
Country;City;Km (section);Km (cuml.);Connection
IRL;Shannon;0;0; 
IRL;Limerick;22;22; 
IRL;Portlaoise;110;131;E201
IRL;Dublin;89;221;E01
GB;Liverpool;264;484; 
GB;Manchester;55;539;E22
GB;Bradford;63;602; 
GB;Leeds;25;627;E22
GB;Kingston upon Hull;104;731; 
DK;Esbjerg;597;1328; 
DK;Kolding;75;1403;E45
DK;Middelfart;30;1433; 
DK;Nyborg;77;1510; 
DK;Korsør;27;1537; 
DK;Køge;74;1610;E55, E47
DK;København;45;1655;E55, E47
S;Malmö;38;1693;E65, E06, E22
S;Helsingborg;66;1759;E55, E47, E04
S;Halmstad;84;1842;E06
S;Göteborg;136;1978;E45, E06
S;Örebro;287;2265;E18
S;Arboga;42;2306;E18
S;Eskilstuna;44;2351; 
S;Södertälje;81;2432;E04
S;Stockholm;32;2464;E04, E18
EST;Tallinn;333;2797;E67
RUS;Sankt-Peterburg;367;3164;E95, E105, E18
Country;City;Km (section);Km (cuml.);Connection
F;Metz;0;0;E25, E50, E23, E411
F;Nancy;58;58;E23
F;Dijon;213;271; 
CH;Genève;186;458;E25, E62, E712
Country;City;Km (section);Km (cuml.);Connection
GB;Holyhead;0;0; 
GB;Chester;139;139; 
GB;Warrington;35;174;E05
GB;Manchester;29;203;E20
GB;Leeds;71;274;E20
GB;Doncaster;55;328;E15, E13
GB;Immingham;74;403; 
NL;Amsterdam;369;772;E35, E19, E231
NL;Groningen;200;972;E232
D;Oldenburg;131;1103; 
D;Bremen;51;1153;E37, E233, E234
D;Hamburg;124;1277;E45, E26
D;Lübeck;71;1348;E47
D;Rostock;131;1479;E55
D;Stralsund;73;1552;E251
D;Saßnitz;51;1602;E251
S;Trelleborg;111;1713;E06
S;Malmö;27;1740;E65, E20, E06
S;Kalmar;295;2035; 
S;Norrköping;254;2288;E04
Country;City;Km (section);Km (cuml.);Connection
NL;Amsterdam;0;0;E35, E19, E22
NL;Amersfoort;54;54;E30, E232
Country;City;Km (section);Km (cuml.);Connection
NL;Amersfoort;0;0;E30, E231
NL;Hoogeveen;110;110;E233
NL;Groningen;62;172;E22
Country;City;Km (section);Km (cuml.);Connection
NL;Hoogeveen;0;0;E232
D;Haselünne;73;73; 
D;Cloppenburg;46;119; 
D;Bremen;70;188;E37, E22, E234
Country;City;Km (section);Km (cuml.);Connection
D;Cuxhaven;0;0; 
D;Bremerhaven;41;41; 
D;Bremen;57;99;E37, E22, E233
D;Walsrode;68;167; 
Country;City;Km (section);Km (cuml.);Connection
F;Metz;0;0;E25, E50, E21, E411
F;Nancy;58;58;E21
F;Besançon;199;257;E60
CH;Vallorbe;86;343; 
CH;Lausanne;48;391;E25, E62
Country;City;Km (section);Km (cuml.);Connection
GB;Birmingham;0;0;E05
GB;Cambridge;163;163; 
GB;Ipswich;91;254;E30
Country;City;Km (section);Km (cuml.);Connection
D;Saßnitz;0;0;E22
D;Stralsund;50;50;E22
D;Neubrandenburg;99;149; 
D;Berlin;136;286;E55, E30, E51, E26, E28, E36
Country;City;Km (section);Km (cuml.);Connection
NL;Hoek van Holland;0;0;E30
NL;Rotterdam;33;33;E19, E31
NL;Gouda;25;59;E30
NL;Utrecht;35;94;E35, E30, E311
NL;'s-Hertogenbosch;59;152; 
NL;Eindhoven;38;190;E34, E312
NL;Maastricht;86;277; 
B;Liège;40;317;E40, E42, E46, E313
B;Bastogne;90;406; 
B;Arlon;38;444;E411
L;Luxembourg;28;473;E29, E44, E421
F;Metz;63;536;E50, E21, E23, E411
F;Saint-Avold;49;585; 
F;Strasbourg;124;709;E52
F;Mulhouse;108;817;E60, E54, E512
CH;Basel;38;854;E35, E60, E54
CH;Olten;47;901;E35
CH;Bern;67;968;E27
CH;Lausanne;103;1072;E23, E62
CH;Genève;64;1135;E21, E62, E712
F;Mont-Blanc;91;1227; 
I;Aosta;46;1272;E27
I;Ivrea;70;1343;E612
I;Vercelli;59;1401; 
I;Alessandria;55;1457;E70, E74
I;Genova;90;1547;E80, E62
Country;City;Km (section);Km (cuml.);Connection
PL;Åwiecie;0;0;E75
PL;PoznaÅ;179;179;E30
PL;WrocÅaw;183;362;E40, E67
Country;City;Km (section);Km (cuml.);Connection
D;Hamburg;0;0;E45, E22
D;Berlin;283;283;E55, E30, E51, E28, E36, E251
Country;City;Km (section);Km (cuml.);Connection
LT;Klaipéda;0;0;E85, E272
LT;Kaunas;213;213;E85, E67
LT;Vilnius;103;317;E85, E272
BY;Minsk;184;500;E30
BY;Gomel';318;818;E95
Country;City;Km (section);Km (cuml.);Connection
LT;Klaipéda;0;0;E85, E271
LT;Palanga;28;28; 
LT;Siauliai;147;175; 
LT;PanevÄÅŸys;79;254;E67
LT;Ukmergé;64;318; 
LT;Vilnius;73;391;E85, E271
Country;City;Km (section);Km (cuml.);Connection
F;Belfort;0;0;E60
CH;Bern;133;133;E25
CH;Martigny;129;262;E62
CH;Grand-Saint-Bernard;39;301; 
I;Aosta;27;328;E25
Country;City;Km (section);Km (cuml.);Connection
D;Berlin;0;0;E55, E30, E51, E26, E36, E251
PL;Szczecin;153;153;E65
PL;Goleniów;38;191;E65
PL;Koszalin;117;309; 
PL;GdaÅsk;205;513;E75, E77
Country;City;Km (section);Km (cuml.);Connection
D;Köln;0;0;E35, E40, E31, E37
L;Luxembourg;207;207;E25, E44, E421
D;Saarbrücken;97;304;E50, E422
F;Sarreguemines;19;323; 
Country;City;Km (section);Km (cuml.);Connection
IRL;Cork;0;0;E201
IRL;Waterford;135;135; 
IRL;Wexford;61;196;E01
IRL;Rosslare;19;215;E01
GB;Fishguard;113;328; 
GB;Swansea;119;447; 
GB;Cardiff;65;512; 
GB;Newport;23;536; 
GB;Bristol;49;585; 
GB;London;192;777;E15, E13
GB;Colchester;106;883;E32
GB;Ipswich;32;915;E24
GB;Felixstowe;22;937; 
NL;Hoek van Holland;207;1144;E25
NL;Den Haag;27;1171;E19
NL;Gouda;32;1203;E25
NL;Utrecht;35;1238;E25, E35, E311
NL;Amersfoort;25;1262;E231, E232
NL;Oldenzaal;116;1378; 
D;Osnabrück;83;1461;E37
D;Bad Oeynhausen;60;1521;E34
D;Hannover;80;1602;E45
D;Braunschweig;67;1669; 
D;Magdeburg;101;1769;E49
D;Berlin;160;1929;E55, E51, E26, E28, E36, E251
PL;Åwiebodzin;187;2116;E65
PL;PoznaÅ;111;2227;E261
PL;Åowicz;229;2455;Â 
PL;Warszawa;81;2536;E67, E77, E372
BY;BrÄst;197;2733;Â 
BY;Minsk;348;3081;E271
RUS;Smolensk;353;3434; 
RUS;Moskva;401;3835;E105, E115
RUS;Rjazan;192;4027; 
RUS;Penza;453;4480; 
RUS;Samara;432;4912; 
Country;City;Km (section);Km (cuml.);Connection
NL;Breda;0;0;E19, E312
NL;Gorinchem;44;44;E31
NL;Utrecht;40;84;E25, E35, E30
Country;City;Km (section);Km (cuml.);Connection
NL;Vlissingen;0;0; 
NL;Breda;99;99;E19, E311
NL;Eindhoven;68;167;E25, E34
Country;City;Km (section);Km (cuml.);Connection
B;Antwerpen;0;0;E17, E19, E34
B;Liège;120;120;E25, E40, E42, E46
Country;City;Km (section);Km (cuml.);Connection
B;Leuven;0;0; 
B;Hasselt;59;59; 
NL;Heerlen;57;115; 
D;Aachen;20;136;E40, E421
Country;City;Km (section);Km (cuml.);Connection
NL;Rotterdam;0;0;E25, E19
NL;Gorinchem;43;43;E311
NL;Nijmegen;77;120; 
D;Goch;48;168; 
D;Krefeld;63;231; 
D;Köln;60;291;E35, E40, E29, E37
D;Koblenz;99;390;E44
D;Bingen;66;456;E42
D;Ludwigshafen;82;538; 
Country;City;Km (section);Km (cuml.);Connection
GB;Colchester;0;0;E30
GB;Harwich;31;31; 
Country;City;Km (section);Km (cuml.);Connection
D;Dortmund;0;0;E37, E41, E34
D;Kassel;185;185;E45
Country;City;Km (section);Km (cuml.);Connection
I;Parma;0;0;E35
I;La Spezia;124;124;E80
Country;City;Km (section);Km (cuml.);Connection
B;Zeebrugge;0;0;E403, E404
B;Antwerpen;101;101;E17, E19, E313
NL;Eindhoven;86;187;E25, E312
NL;Venlo;57;244; 
D;Oberhausen;54;298;E35
D;Dortmund;50;348;E37, E41, E331
D;Bad Oeynhausen;141;489;E30
Country;City;Km (section);Km (cuml.);Connection
NL;Amsterdam;0;0;E19, E22, E231
NL;Utrecht;46;46;E25, E30, E311
NL;Arnhem;70;115; 
D;Emmerich;34;149; 
D;Oberhausen;72;221;E34
D;Köln;73;294;E40, E29, E31, E37
D;Frankfurt am Main;195;489;E42, E451
D;Heidelberg;88;578; 
D;Karlsruhe;54;632;E52
D;Offenburg;77;709;E531
CH;Basel;126;835;E25, E60, E54
CH;Olten;47;881;E25
CH;Luzern;53;934; 
CH;Altdorf;43;978;E41
CH;San Gottardo;50;1028; 
CH;Bellinzona;61;1088;E43
CH;Lugano;27;1116; 
CH;Chiasso;25;1140; 
I;Como;6;1147; 
I;Milano;46;1193;E62, E64
I;Piacenza;66;1259; 
I;Parma;63;1321;E33
I;Modena;60;1381;E45
I;Firenze;138;1519;E76
I;Arezzo;79;1598;E78
I;Roma;219;1817;E80, E821
Country;City;Km (section);Km (cuml.);Connection
D;Berlin;0;0;E55, E30, E51, E26, E28, E251
D;Lübbenau;95;95;E55
D;Cottbus;36;131; 
PL;Legnica;152;283;E40
Country;City;Km (section);Km (cuml.);Connection
PL;Radom;0;0;E77
PL;Rzeszów;194;194; 
PL;Barwinek;89;283; 
SK;VyÅ¡nÃœ KomÃ¡rnik;4;286;Â 
SK;Svidnik;18;304; 
SK;PreÅ¡ov;54;358;E50
Country;City;Km (section);Km (cuml.);Connection
PL;Warszawa;0;0;E30, E67, E77
PL;Lublin;164;164;E373
UA;L'vov;210;374;E40, E471
Country;City;Km (section);Km (cuml.);Connection
PL;Lublin;0;0;E372
UA;Kovel;164;164; 
UA;Rovno;147;311;E40
Country;City;Km (section);Km (cuml.);Connection
D;Bremen;0;0;E22, E233, E234
D;Osnabrück;121;121;E30
D;Dortmund;123;244;E41, E34, E331
D;Köln;92;336;E35, E40, E29, E31
Country;City;Km (section);Km (cuml.);Connection
UA;Kiev;0;0;E95, E40
RUS;Orel;517;517;E105
Country;City;Km (section);Km (cuml.);Connection
N;Trondheim;0;0;E06, E14
N;Ålesund;313;313;E136
N;Bergen;389;702;E16
N;Stavanger;188;890; 
N;Kristiansand;240;1130;E18
DK;Hirtshals;135;1265; 
DK;Hjørring;18;1283; 
DK;Nørresundby;46;1329; 
DK;Ålborg;1;1330;E45
Country;City;Km (section);Km (cuml.);Connection
F;Saint-Brieuc;0;0; 
F;Caen;233;233;E46
Country;City;Km (section);Km (cuml.);Connection
F;Calais;0;0;E15, E40
F;Rouen;216;216;E46
F;Le Mans;200;416;E50, E501, E502
Country;City;Km (section);Km (cuml.);Connection
B;Zeebrugge;0;0;E34, E404
B;Brugge;16;16; 
B;Kortrijk;52;68;E17
B;Tournai;28;96;E429
Country;City;Km (section);Km (cuml.);Connection
B;Jabbeke;0;0; 
B;Zeebrugge;24;24;E34, E403
Country;City;Km (section);Km (cuml.);Connection
F;Calais;0;0;E15, E402
B;Oostende;96;96; 
B;Gent;64;160;E17
B;Bruxelles;55;214;E19, E411
B;Liège;94;308;E25, E42, E46, E313
D;Aachen;64;372;E314, E421
D;Köln;72;444;E35, E29, E31, E37
D;Olpe;73;517; 
D;Gießen;95;612;E41, E44, E451
D;Bad Hersfeld;98;710; 
D;Herleshausen;42;752; 
D;Eisenach;15;767; 
D;Erfurt;63;830; 
D;Gera;88;917;E51
D;Chemnitz;74;991;E441
D;Dresden;76;1067;E55
D;Görlitz;109;1176; 
PL;Legnica;101;1278;E36
PL;WrocÅaw;79;1356;E67, E261
PL;Opole;95;1452; 
PL;Gliwice;72;1523; 
PL;Kraków;109;1632;E77, E462
PL;PrzemyÅl;246;1878;Â 
UA;L'vov;95;1973;E372, E471
UA;Rovno;208;2181;E373
UA;Åœitomir;184;2365;Â 
UA;Kiev;146;2511;E95, E381
UA;Charkov;471;2982;E105
RUS;Rostov-na-Donu;479;3461;E115, E97
Country;City;Km (section);Km (cuml.);Connection
B;Bruxelles;0;0;E40, E19
B;Namur;65;65;E42
B;Arlon;129;194;E25
F;Longwy;24;218; 
F;Metz;62;281;E25, E50, E21, E23
Country;City;Km (section);Km (cuml.);Connection
D;Dortmund;0;0;E37, E34, E331
D;Gießen;166;166;E40, E44, E451
D;Aschaffenburg;99;265;E42
D;Würzburg;79;344;E45, E43
D;Stuttgart;145;489;E52
CH;Schaffhausen;170;659; 
CH;Winterthur;26;685;E60
CH;Zürich;25;710;E60
CH;Altdorf;78;788;E35
Country;City;Km (section);Km (cuml.);Connection
B;Nivelles;0;0; 
B;Charleroi;29;29;E42
F;Reims;158;187;E50, E17, E46
Country;City;Km (section);Km (cuml.);Connection
D;Aachen;0;0;E40, E314
B;Sankt-Vith;84;84;E42
L;Luxembourg;88;173;E25, E29, E44
Country;City;Km (section);Km (cuml.);Connection
D;Trier;0;0;E44
D;Saarbrücken;95;95;E50, E29
Country;City;Km (section);Km (cuml.);Connection
B;Tournai;0;0;E403
B;Halle;75;75; 
Country;City;Km (section);Km (cuml.);Connection
F;Dunkerque;0;0; 
F;Lille;71;71; 
B;Mons;77;149;E19
B;Charleroi;51;200;E420
B;Namur;41;241;E411
B;Liège;61;302;E25, E40, E46, E313
B;Sankt-Vith;87;389;E421
D;Wittlich;85;474; 
D;Bingen;91;565;E31
D;Wiesbaden;33;598; 
D;Frankfurt am Main;41;639;E35, E451
D;Aschaffenburg;41;680;E41
Country;City;Km (section);Km (cuml.);Connection
D;Würzburg;0;0;E45, E41
D;Ulm;195;195;E52
D;Lindau;119;314;E54
A;Bregenz;9;323; 
CH;Sankt Margrethen;13;336;E60
CH;Buchs;37;373; 
CH;Chur;44;417; 
CH;San Bernardino;70;487; 
CH;Bellinzona;43;530;E35
Country;City;Km (section);Km (cuml.);Connection
D;Chemnitz;0;0;E40
D;Plauen;76;76;E49
Country;City;Km (section);Km (cuml.);Connection
CZ;Karlovy Vary;0;0;E49, E48
CZ;Teplice;96;96;E55
CZ;Turnov;128;224;E65
CZ;Hradec Králové;76;300;E67
CZ;Olomouc;144;444;E462
SK;Åœilina;139;583;E75
Country;City;Km (section);Km (cuml.);Connection
F;Le Havre;0;0;E05
F;Amiens;178;178; 
F;Charleville-Mézières;198;376;E46
L via B;Luxembourg;153;529;E25, E29, E421
D;Trier;46;575;E422
D;Koblenz;126;701;E31
D;Gießen;106;807;E40, E41, E451
Country;City;Km (section);Km (cuml.);Connection
D;Gießen;0;0;E40, E41, E44
D;Frankfurt am Main;67;67;E35, E42
D;Mannheim;84;151;E50
Country;City;Km (section);Km (cuml.);Connection
S;Göteborg;0;0;E20, E06
DK;Frederikshavn;90;90; 
DK;Ålborg;65;155;E39
DK;Århus;121;276; 
DK;Vejle;69;344; 
DK;Kolding;31;376;E20
DK;Frøslev;80;455; 
D;Flensburg;8;463; 
D;Hamburg;158;620;E22, E26
D;Hannover;157;778;E30
D;Göttingen;124;902; 
D;Kassel;46;947;E331
D;Fulda;110;1057; 
D;Würzburg;110;1167;E41, E43
D;Nürnberg;118;1284;E50, E51, E56
D;München;165;1450;E53, E52, E54, E533, E552
D;Rosenheim;72;1522;E60
A;Wörgl;53;1575;E60, E641
A;Innsbruck;60;1635;E60, E533
A;Brennerpaß;36;1671; 
I;Passo di Brennero;0;1671; 
I;Fortezza;45;1716;E66
I;Bolzano;50;1766; 
I;Trento;57;1823; 
I;Verona;99;1922;E70
I;Modena;103;2025;E35
I;Bologna;42;2067; 
I;Cesena;95;2162;E55
I;Perugia;154;2316; 
I;Fiano Romana;148;2464; 
I;San Cesareo;64;2528;E821
I;Napoli;200;2728;E842
I;Salerno;57;2785;E841
I;Sicignano degli Alburni;65;2850;E847
I;Cosenza;222;3072;E846
I;Villa San Giovanni;177;3249; 
I;Messina;8;3256;E90
I;Catánia;98;3354;E932
I;Siracusa;66;3420; 
I;Gela;154;3573;E931
Country;City;Km (section);Km (cuml.);Connection
CZ;Svitavy;0;0; 
CZ;Brno;72;72;E65, E50, E462
A;Wien;141;213;E60, E49, E59, E58
Country;City;Km (section);Km (cuml.);Connection
CZ;Brno;0;0;E65, E50, E461
CZ;Olomouc;81;81;E442
CZ;Äesky TÄÅ¡in;114;195;E75
PL;Kraków;129;323;E40, E77
Country;City;Km (section);Km (cuml.);Connection
F;Cherbourg;0;0;E03
F;Caen;122;122;E401
F;Rouen;122;245;E402
F;Reims;244;489;E50, E17, E420
F;Charleville-Mézières;87;575;E44
B;Liège;178;753;E25, E40, E42, E313
Country;City;Km (section);Km (cuml.);Connection
UA;MukaÄevo;0;0;E50
UA;L'vov;207;207;E40, E372
Country;City;Km (section);Km (cuml.);Connection
S;Helsingborg;0;0;E55, E20, E04
DK;Helsingør;9;9;E55
DK;København;47;56;E55, E20
DK;Køge;45;101;E55, E20
DK;Vordingborg;60;160;E55
DK;Farø;11;172;E55
DK;Rødby;53;224; 
D;Lübeck;117;342;E22
Country;City;Km (section);Km (cuml.);Connection
D;Schweinfurt;0;0; 
D;Bayreuth;121;121;E51
D;Marktredwitz;49;169; 
CZ;Cheb;26;196; 
CZ;Karlovy Vary;43;239;E49, E442
CZ;Praha;126;366;E55, E65, E50, E59, E67
Country;City;Km (section);Km (cuml.);Connection
D;Magdeburg;0;0;E30
D;Halle;86;86; 
D;Plauen;161;247;E441
D;Schönberg;44;292; 
CZ;Vojtanov;3;295; 
CZ;Karlovy Vary;52;346;E48, E442
CZ;PlzeÅ;73;419;E50, E53
CZ;ÄeskÃ© BudÄjovice;137;557;E55, E551
CZ;TÅeboÅ;27;583;Â 
CZ;Halámky;25;608; 
A;Wien;151;759;E60, E59, E58, E461
Country;City;Km (section);Km (cuml.);Connection
F;Le Mans;0;0;E50, E402, E502
F;Angers;97;97; 
Country;City;Km (section);Km (cuml.);Connection
F;Le Mans;0;0;E50, E402, E501
F;Tours;82;82;E05, E60, E604
Country;City;Km (section);Km (cuml.);Connection
F;Brest;0;0;E60
F;Rennes;245;245;E03
F;Le Mans;151;395;E402, E501, E502
F;Paris;203;598;E05, E15, E19, E54
F;Reims;145;743;E17, E46, E420
F;Metz;190;933;E25, E21, E23, E411
D;Saarbrücken;71;1004;E29, E422
D;Mannheim;135;1138;E451
D;Heilbronn;80;1218; 
D;Nürnberg;166;1385;E45, E51, E56
CZ;Rozvadov;134;1519; 
CZ;PlzeÅ;65;1584;E49, E53
CZ;Praha;93;1678;E55, E65, E59, E67, E48
CZ;Jihlava;126;1803;E65, E59
CZ;Brno;90;1894;E65, E461, E462
SK;Trencin;135;2029;E572
SK;PreÅ¡ov;299;2327;E371
SK;KoÅ¡ice;35;2363;E71, E571
SK;VyÅ¡nÃ© NemeckÃ©;89;2451;Â 
UA;UÅŸgorod;6;2457;E573
UA;MukaÄevo;41;2498;E471
Country;City;Km (section);Km (cuml.);Connection
F;Courtenay;0;0;E60
F;Troyes;133;133; 
Country;City;Km (section);Km (cuml.);Connection
F;Remiremont;0;0; 
F;Mulhouse;77;77;E25, E60, E54
Country;City;Km (section);Km (cuml.);Connection
D;Berlin;0;0;E55, E30, E26, E28, E36, E251
D;Leipzig;191;191; 
D;Gera;68;259;E40
D;Hirschberg;66;324; 
D;Hof;14;339; 
D;Bayreuth;54;393;E48
D;Nürnberg;87;479;E45, E50, E56
Country;City;Km (section);Km (cuml.);Connection
F;Strasbourg;0;0;E25
D;Appenweier;22;22; 
D;Karlsruhe;69;91;E35
D;Stuttgart;80;171;E41
D;Ulm;91;262;E43
D;München;143;405;E45, E53, E54, E533, E552
A;Salzburg;149;554;E55, E60, E641
Country;City;Km (section);Km (cuml.);Connection
D;Offenburg;0;0;E35
D;Donaueschingen;96;96; 
Country;City;Km (section);Km (cuml.);Connection
D;Memmingen;0;0; 
D;Füssen;71;71; 
Country;City;Km (section);Km (cuml.);Connection
D;München;0;0;E45, E53, E52, E54, E552
D;Garmisch-Partenkirchen;89;89; 
D;Mittenwald;18;107; 
A;Seefeld in Tirol;15;122; 
A;Innsbruck;23;144;E45, E60
Country;City;Km (section);Km (cuml.);Connection
CZ;PlzeÅ;0;0;E50, E49
D;Bayerisch Eisenstein;84;84; 
D;Deggendorf;55;139; 
D;München;146;285;E45, E52, E54, E533, E552
Country;City;Km (section);Km (cuml.);Connection
F;Paris;0;0;E05, E15, E50, E19
F;Chaumont;265;265; 
F;Mulhouse;226;490;E25, E60, E512
CH;Basel;38;528;E25, E35, E60
D;Waldshut;54;582; 
D via CH;Lindau;144;726;E43
D;München;180;906;E45, E53, E52, E533, E552
Country;City;Km (section);Km (cuml.);Connection
CZ;ÄeskÃ© BudÄjovice;0;0;E55, E49
CZ;Humpolec;109;109; 
Country;City;Km (section);Km (cuml.);Connection
D;München;0;0;E45, E53, E52, E54, E533
A;Braunau am Inn;130;130; 
A;Wels;86;216;E56
A;Linz;32;248;E55, E60
Country;City;Km (section);Km (cuml.);Connection
S;Helsingborg;0;0;E20, E47, E04
DK;Helsingør;9;9;E47
DK;København;47;56;E20, E47
DK;Køge;45;101;E20, E47
DK;Vordingborg;60;160;E47
DK;Farø;11;172;E47
DK;Nykøbing Falster;25;196; 
DK;Gedser;23;220; 
D;Rostock;45;265;E22
D;Berlin;230;495;E30, E51, E26, E28, E36, E251
D;Lübbenau;94;590;E36
D;Dresden;105;694;E40
CZ;Teplice;63;757;E442
CZ;Praha;95;852;E65, E50, E59, E67, E48
CZ;Tábor;86;938; 
CZ;ÄeskÃ© BudÄjovice;57;996;E49, E551
CZ;DolnÃ­ DvoÅiÅ¡tÄ;42;1037;Â 
A;Linz;58;1095;E60, E552
A;Salzburg;130;1226;E60, E52, E641
A;Villach;194;1420;E61, E66
I;Tarvisio;32;1452; 
I;Udine;96;1548; 
I;Palmanova;24;1572;E70
I;Venézia-Mestre;103;1675;E70
I;Ravenna;135;1810; 
I;Cesena;35;1846;E45
I;Rimini;38;1883; 
I;Fano;53;1937;E78
I;Ancona;58;1994; 
I;Pescara;158;2153;E80
I;Canosa di Puglia;236;2389;E842
I;Bari;74;2462;E843
I;Brindisi;119;2581;E90
GR;Igoumenítsa;252;2833;E90, E92
GR;Préveza;92;2925; 
GR;Mesolóngi;126;3051;E951
GR;Río;38;3089;E65
GR;Pátra;10;3099; 
GR;Pírgos;95;3194; 
GR;Kalámata;111;3305;E65
Country;City;Km (section);Km (cuml.);Connection
D;Nürnberg;0;0;E45, E50, E51
D;Regensburg;104;104; 
D;Passau;127;231; 
A;Wels;88;319;E552
A;Sattledt;11;330;E57
Country;City;Km (section);Km (cuml.);Connection
SK;Bratislava;0;0;E65, E75, E58, E575
SK;Zvolen;193;193;E77
SK;KoÅ¡ice;209;402;E50, E71
Country;City;Km (section);Km (cuml.);Connection
SK;Trencin;0;0;E50
SK;Åœiar nad Hronom;103;103;Â 
Country;City;Km (section);Km (cuml.);Connection
H;Püspökladány;0;0;E60
H;Nyiregyháza;104;104; 
UA;Äop;75;179;Â 
UA;UÅŸgorod;25;204;E50
Country;City;Km (section);Km (cuml.);Connection
RO;BacÄu;0;0;E85
RO;BraÅov;166;166;E60, E68
RO;PiteÅti;125;291;E70, E81
Country;City;Km (section);Km (cuml.);Connection
SK;Bratislava;0;0;E65, E75, E58, E571
SK;Dunajská Streda;55;55; 
SK;Medved'ov;25;80; 
H;Vámószabadi;6;87; 
H;Györ;8;95;E75, E60
Country;City;Km (section);Km (cuml.);Connection
RO;Cluj-Napoca;0;0;E60, E81
RO;Dej;58;58; 
RO;BistriÅ£a;61;118;Â 
RO;Suceava;182;300;E85
Country;City;Km (section);Km (cuml.);Connection
A;Sattledt;0;0;E56
A;Liezen;79;79;E651
A;Sankt Michael in Obersteiermark;73;152; 
A;Graz;59;211;E59, E66
SLO;Maribor;67;278;E59
SLO;Ljubljana;133;411;E70, E61
Country;City;Km (section);Km (cuml.);Connection
RO;MÄrÄÅeÅti;0;0;E85
RO;Tecuci;21;21; 
RO;AlbiÅ£a;132;153;Â 
MD;LeuÅ¡eny;5;158;Â 
MD;ChiÅinÄu;72;230;Â 
UA;Odessa;177;407;E95
Country;City;Km (section);Km (cuml.);Connection
RO;Roman;0;0;E85
RO;IaÅi;84;84;Â 
RO;Sculeni;22;106; 
Country;City;Km (section);Km (cuml.);Connection
A;Wien;0;0;E60, E49, E59, E461
SK;Bratislava;65;65;E65, E75, E571, E575
Country;City;Km (section);Km (cuml.);Connection
CZ;Praha;0;0;E55, E65, E50, E67, E48
CZ;Jihlava;126;126;E65, E50
A;Wien;171;296;E60, E49, E58, E461
A;Graz;201;498;E57, E66
A;Spielfeld;47;544; 
SLO;Maribor;21;565;E57
HR;Zagreb;115;680;E65, E70, E71
Country;City;Km (section);Km (cuml.);Connection
F;Niort;0;0; 
F;La Rochelle;62;62;E03, E602
Country;City;Km (section);Km (cuml.);Connection
F;La Rochelle;0;0;E03, E601
F;Saintes;68;68;E603
Country;City;Km (section);Km (cuml.);Connection
F;Saintes;0;0;E602
F;Angoulème;74;74;E606
F;Limoges;104;178;E09
Country;City;Km (section);Km (cuml.);Connection
F;Tours;0;0;E05, E60, E502
F;Vierzon;115;115;E11
Country;City;Km (section);Km (cuml.);Connection
F;Angoulème;0;0;E603
F;Bordeaux;129;129;E05, E70, E72
Country;City;Km (section);Km (cuml.);Connection
F;Digoin;0;0; 
F;Chalon-sur-Saône;88;88; 
Country;City;Km (section);Km (cuml.);Connection
F;Brest;0;0;E50
F;Nantes;304;304;E03, E62
F;Tours;220;523;E05, E502, E604
F;Orléans;118;641;E05, E09
F;Courtenay;99;740;E511
F;Beaune;204;944;E17
F;Besançon;108;1052;E23
F;Belfort;93;1145;E27
F;Mulhouse;44;1189;E25, E54, E512
CH;Basel;38;1226;E25, E35, E54
CH;Zürich;90;1316;E41
CH;Winterthur;25;1340;E41
CH;Sankt Gallen;58;1399; 
CH;Sankt Margrethen;25;1424;E43
A;Lauterach;12;1436; 
A;Feldkirch;32;1468; 
A;Imst;106;1573; 
A;Innsbruck;58;1632;E45, E533
A;Wörgl;60;1692;E45, E641
D;Rosenheim;53;1745;E45
A;Salzburg;89;1834;E55, E52, E641
A;Linz;130;1964;E55, E552
A;Wien;181;2145;E49, E59, E58, E461
A;Nickelsdorf;71;2216; 
H;Mosonmagyaróvár;24;2240;E65
H;Györ;40;2280;E75, E575
H;Budapest;119;2399;E75, E71, E73, E77
H;Püspökladány;198;2597;E573
RO;Oradea;73;2670;E79, E671
RO;Cluj-Napoca;146;2815;E81, E576
RO;Turda;29;2844;E81
RO;TÃ®rgu MureÅ;78;2922;Â 
RO;BraÅov;166;3088;E68, E574
RO;PloieÅti;102;3189;Â 
RO;BucureÅti;59;3248;E85, E70
RO;Urziceni;57;3305;E85
RO;Slobozia;63;3369; 
RO;HÃ®rÅova;56;3425;Â 
RO;Constanta;83;3508;E87
Country;City;Km (section);Km (cuml.);Connection
F;Lyon;0;0;E15, E70, E711
F;Pont-d'Ain;57;57; 
Country;City;Km (section);Km (cuml.);Connection
I;Ivrea;0;0;E25
I;Torino;55;55;E70, E64, E717
Country;City;Km (section);Km (cuml.);Connection
A;Villach;0;0;E55, E66
A;Karawanken Tunnel;22;22; 
SLO;Predor Karavanke;7;30; 
SLO;Naklo;37;67;E652
SLO;Ljubljana;34;101;E70, E57
I;Trieste;96;196;E70
HR via SLO;Rijeka;73;270;E65, E751
Country;City;Km (section);Km (cuml.);Connection
F;Nantes;0;0;E60, E03
F;Poitiers;186;186;E05
F;Mâcon;415;601; 
CH;Genève;152;753;E25, E21, E712
CH;Lausanne;64;817;E25, E23
CH;Martigny;71;887;E27
CH;Sion;29;916; 
CH;Simplon;83;999; 
I;Gravellona Toce;65;1064; 
I;Milano;95;1160;E35, E64
I;Tortona;78;1238;E70
I;Genova;69;1307;E25, E80
Country;City;Km (section);Km (cuml.);Connection
FIN;Sodankylä;0;0;E75
FIN;Kemijärvi;108;108; 
FIN;Kuusamo;141;249; 
FIN;Kajaani;253;503; 
FIN;Kuopio;173;676; 
FIN;Jyväskylä;147;823;E75
FIN;Tampere;146;968;E12
FIN;Turku;158;1126;E18
Country;City;Km (section);Km (cuml.);Connection
A;Wörgl;0;0;E45, E60
A;Sankt Johann in Tirol;31;31; 
A;Lofer;25;56; 
A via D;Salzburg;49;105;E55, E60, E52
Country;City;Km (section);Km (cuml.);Connection
I;Torino;0;0;E70, E612, E717
I;Milano;143;143;E35, E62
I;Brescia;103;246;E70
Country;City;Km (section);Km (cuml.);Connection
A;Altenmarkt im Pongau;0;0; 
A;Liezen;72;72;E57
Country;City;Km (section);Km (cuml.);Connection
A;Klagenfurt;0;0;E66
A;Loibl Pass;29;29; 
SLO;Naklo;21;50;E61
Country;City;Km (section);Km (cuml.);Connection
S;Malmö;0;0;E20, E06, E22
S;Ystad;57;57; 
PL;ÂÅwinoujÅcie;173;230;Â 
PL;Wolin;27;257; 
PL;Goleniów;41;298;E28
PL;Szczecin;38;337;E28
PL;Åwiebodzin;169;506;E30
PL;Jelenia Góra;278;784; 
CZ;Harrachov;32;816; 
CZ;Zelezný Brod;27;843; 
CZ;Turnov;13;856;E442
CZ;Mladá Boleslav;30;886; 
CZ;Praha;57;944;E55, E50, E59, E67, E48
CZ;Jihlava;126;1069;E50, E59
CZ;Brno;90;1159;E50, E461, E462
CZ;BÅeclav;60;1219;Â 
SK;Bratislava;85;1304;E75, E58, E571, E575
H;Rajka;20;1324; 
H;Mosonmagyaróvár;16;1340;E60
H;Csorna;37;1377; 
H;Szombathely;69;1446; 
H;Körmend;25;1472; 
H;Zalaegerszeg;32;1503; 
H;Nagykanizsa;49;1553;E71
H;Letenye;23;1575; 
HR;Zagreb;117;1693;E70, E59, E71
HR;Karlovac;53;1746;E71
HR;Rijeka;127;1873;E61, E751
HR;Split;350;2222;E71
HR via BIH;MetkoviÄ;131;2353;E73
HR;Dubrovnik;92;2445;E80
YU;Petrovac;143;2588;E80, E851
YU;Podgorica;48;2635;E80, E762
YU;Bijelo Polje;112;2747;E763
MK;Skopje;250;2998;E75
MK;Kicevo;113;3111; 
MK;Ohrid;62;3173;E852
MK;Bitola;64;3236; 
GR;Níki;16;3252; 
GR;Vévi;24;3276;E86
GR;Kozáni;64;3340;E90
GR;Lárissa;119;3459;E75
GR;Domokós;75;3534; 
GR;Lamía;38;3571;E75, E952
GR;Brálos;27;3598; 
GR;Itéa;44;3642; 
GR;Antirrio;91;3733; 
GR;Río;4;3737;E55
GR;Égio;29;3767; 
GR;Korinthos;99;3865;E94
GR;Trípoli;81;3946;E961
GR;Kalámata;90;4036;E55
GR;Kissámos;326;4363; 
GR;Chaniá;37;4400;E75
Country;City;Km (section);Km (cuml.);Connection
H;Balatonkeresztúr;0;0; 
H;Nagyatád;59;59; 
H;Barcs;37;96; 
HR;Virovitica;16;112; 
HR;OkuÄani;96;208;Â 
BIH;Banja Luka;71;278; 
BIH;Jajce;76;354;E761
BIH;Donji Vakuf;31;385;E761
BIH;Zenica;64;449;E73, E761
Country;City;Km (section);Km (cuml.);Connection
YU;Subotica;0;0; 
YU;Sombor;57;57; 
HR;Osijek;74;132;E73
Country;City;Km (section);Km (cuml.);Connection
I;Fortezza;0;0;E45
I;San Candido;62;62; 
A;Spittal an der Drau;119;180; 
A;Villach;42;222;E55, E61
A;Klagenfurt;39;261;E652
A;Graz;127;387;E57, E59
H;Veszprém;220;608; 
H;Székesfehérvár;44;651; 
Country;City;Km (section);Km (cuml.);Connection
RO;TimiÅoara;0;0;E70
RO;Arad;53;53;E68
RO;Oradea;111;164;E60, E79
Country;City;Km (section);Km (cuml.);Connection
RO;Lugoj;0;0; 
RO;Deva;93;93;E79, E68
Country;City;Km (section);Km (cuml.);Connection
FIN;Helsinki;0;0;E75, E12, E18
EST;Tallinn;83;83;E20
LV;Riga;307;390; 
LT;PanevÄÅŸys;154;544;E272
LT;Kaunas;119;663;E85, E271
PL;Warszawa;383;1046;E30, E77, E372
PL;Piotrków Trybunalski;136;1182;E75
PL;WrocÅaw;207;1390;E40, E261
PL;KÅodzko;93;1483;Â 
CZ;BÄloves;36;1519;Â 
CZ;Náchod;4;1523; 
CZ;Hradec Králové;41;1563;E442
CZ;Praha;109;1673;E55, E65, E50, E59, E48
Country;City;Km (section);Km (cuml.);Connection
H;Szeged;0;0;E75
RO;Arad;100;100;E671
RO;Deva;143;243;E79, E673
RO;Sibiu;114;357;E81
RO;BraÅov;142;499;E60, E574
Country;City;Km (section);Km (cuml.);Connection
N;Nordkapp;0;0; 
N;Olderfjord;111;111;E06
Country;City;Km (section);Km (cuml.);Connection
E;La Coruña;0;0;E01
E;Oviedo;295;295; 
E;Bilbao;280;575;E804
E;San Sebastián;97;673;E05, E80
F;Bordeaux;244;916;E05, E72, E606
F;Clermont-Ferrand;359;1275;E11
F;Lyon;173;1448;E15, E611, E711
F;Chambéry;97;1545;E712
I;Susa;157;1702; 
I;Torino;59;1761;E64, E612, E717
I;Alessandria;88;1848;E25, E74
I;Tortona;30;1878;E62
I;Brescia;165;2043;E64
I;Verona;76;2118;E45
I;Venézia-Mestre;112;2230;E55
I;Palmanova;102;2333;E55
I;Trieste;50;2383;E61
SLO;Ljubljana;96;2478;E57, E61
HR;Zagreb;141;2619;E65, E59, E71
HR;Äakovo;244;2863;E73
YU;Beograd;209;3072;E75, E763
YU;Vrsac;81;3153; 
RO;TimiÅoara;77;3230;E671
RO;CaransebeÅ;103;3333;Â 
RO;Drobeta-Turnu Severin;104;3437;E771
RO;Craiova;110;3547;E79
RO;PiteÅti;130;3677;E81, E574
RO;BucureÅti;114;3791;E85, E60
RO;Giurgiu;65;3856;E85
BG;Ruse;14;3870;E85
BG;Razgrad;61;3931; 
BG;Å umen;46;3976;E772
BG;Varna;89;4065;E87
TR;Samsun;721;4786;E95
TR;Ordu;150;4936; 
TR;Giresun;47;4983; 
TR;Trabzon;131;5114;E97
Country;City;Km (section);Km (cuml.);Connection
F;Lyon;0;0;E15, E70, E611
F;Grenoble;106;106;E713
Country;City;Km (section);Km (cuml.);Connection
CH;Genève;0;0;E25, E21, E62
F;Chambéry;85;85;E70
F;Marseille;325;410;E714
Country;City;Km (section);Km (cuml.);Connection
F;Valence;0;0; 
F;Grenoble;92;92;E711
Country;City;Km (section);Km (cuml.);Connection
F;Orange;0;0;E15
F;Marseille;116;116;E712
Country;City;Km (section);Km (cuml.);Connection
I;Torino;0;0;E70, E64, E612
I;Savona;134;134;E80
Country;City;Km (section);Km (cuml.);Connection
SK;KoÅ¡ice;0;0;E50, E571
H;Miskolc;84;84; 
H;Budapest;171;255;E75, E60, E73, E77
H;Balatonaliga;93;348; 
H;Nagykanizsa;119;466;E65
HR;Zagreb;140;606;E65, E70, E59
HR;Karlovac;53;660;E65
BIH;BihaÄ;99;759;E761
HR;Knin;154;913; 
HR;Split;103;1016;E65
Country;City;Km (section);Km (cuml.);Connection
F;Bordeaux;0;0;E05, E70, E606
F;Toulouse;242;242;E80, E09
Country;City;Km (section);Km (cuml.);Connection
H;Budapest;0;0;E75, E60, E71, E77
H;Szekszárd;155;155; 
H;Mohács;46;201; 
HR;Osijek;56;257;E662
HR;Äakovo;38;295;E70
BIH;Bosanski Samac;35;330; 
BIH;Zenica;145;475;E661, E761
BIH;Mostar;166;642; 
HR;MetkoviÄ;43;684;E65
Country;City;Km (section);Km (cuml.);Connection
F;Nice;0;0;E80
I;Cuneo;120;120; 
I;Asti;88;207; 
I;Alessandria;38;246;E25, E70
Country;City;Km (section);Km (cuml.);Connection
HR;Rijeka;0;0;E65, E61
HR;Pula;106;106; 
SLO;Koper;95;200; 
Country;City;Km (section);Km (cuml.);Connection
N;Vardø;0;0; 
FIN;Utsjoki;212;212; 
FIN;Ivalo;161;373; 
FIN;Sodankylä;163;536;E63
FIN;Rovaniemi;128;664; 
FIN;Kemi;121;784;E04
FIN;Oulu;107;892; 
FIN;Jyväskylä;338;1230;E63
FIN;Lahti;178;1408; 
FIN;Helsinki;103;1511;E67, E12, E18
PL;ÂGdaÅsk;744;2255;E77, E28
PL;Åwiecie;126;2381;E261
PL;KroÅniewice;163;2544;Â 
PL;ÅÃ³dÅº;60;2604;Â 
PL;Piotrków Trybunalski;55;2659;E67
PL;Katowice;154;2813; 
CZ;Äesky TÄÅ¡in;74;2887;E462
SK;Åœilina;72;2959;E442
SK;Bratislava;200;3159;E65, E58, E571, E575
H;Györ;75;3234;E60, E575
H;Budapest;119;3353;E60, E71, E73, E77
H;Szeged;168;3521;E68
YU;Beograd;221;3743;E70, E763
YU;NiÅ¡;232;3975;E80, E771
MK;Kumanovo;161;4136;E871
MK;Skopje;40;4176;E65
MK;Gevgelija;155;4331; 
GR;Évzoni;7;4338; 
GR;Thessaloníki;69;4407;E90, E79
GR;Lárissa;151;4558;E65
GR;Almirós;215;4773; 
GR;Lamía;76;4849;E65, E952
GR;Athína;214;5063;E94
GR;Chaniá;311;5374;E65
GR;Iráklio;132;5505; 
GR;Ágios Nikólaos;63;5568; 
GR;Sitía;70;5639; 
Country;City;Km (section);Km (cuml.);Connection
BIH;BihaÄ;0;0;E71
BIH;Jajce;157;157;E661
BIH;Donji Vakuf;31;188;E661
BIH;Zenica;64;252;E73, E661
BIH;Sarajevo;73;325;E762
YU;UÅŸice;168;494;Â 
YU;ÄaÄak;55;549;E763
YU;Kraljevo;38;587; 
YU;KruÅ¡evac;60;646;Â 
YU;Pojate;23;669; 
YU;ParaÄin;17;685;Â 
YU;ZajÄcar;87;773;Â 
Country;City;Km (section);Km (cuml.);Connection
BIH;Sarajevo;0;0;E761
YU;Podgorica;209;209;E65, E80
 ;*Albania*;23;232; 
Country;City;Km (section);Km (cuml.);Connection
YU;Beograd;0;0;E75, E70
YU;ÄaÄak;137;137;E761
YU;Nova Varos;117;254; 
YU;Bijelo Polje;73;327;E65
Country;City;Km (section);Km (cuml.);Connection
I;Migliarino;0;0;E80
I;Firenze;88;88;E35
Country;City;Km (section);Km (cuml.);Connection
RO;Drobeta-Turnu Severin;0;0;E70
YU;NiÅ¡;228;228;E75, E80
Country;City;Km (section);Km (cuml.);Connection
BG;Jablanica;0;0;E83
BG;Veliko Tarnovo;149;149;E85
BG;Å umen;131;280;E70
Country;City;Km (section);Km (cuml.);Connection
BG;Popovica;0;0; 
BG;Stara Zagora;64;64;E85
BG;Burgas;177;241;E87
Country;City;Km (section);Km (cuml.);Connection
PL;GdaÅsk;0;0;E75, E28
PL;Elblag;60;60; 
PL;Warszawa;279;339;E30, E67, E372
PL;Radom;114;453;E371
PL;Kraków;192;644;E40, E462
SK;Trstená;103;747; 
SK;RuÅŸomberok;54;801;Â 
SK;Zvolen;72;873;E571
H;Budapest;145;1018;E75, E60, E71, E73
Country;City;Km (section);Km (cuml.);Connection
I;Grosseto;0;0;E80
I;Arezzo;138;138;E35
I;Sansepolcro;42;181; 
I;Fano;105;286;E55
Country;City;Km (section);Km (cuml.);Connection
RO;Oradea;0;0;E60, E671
RO;Beius;57;57; 
RO;Deva;116;173;E68, E673
RO;PetroÅani;86;259;Â 
RO;Tirgu Jiu;48;308; 
RO;Craiova;112;420;E70
RO;Calafat;87;506; 
BG;Vidin;8;514; 
BG;Vraca;126;640; 
BG;Botevgrad;50;689;E83
BG;Sofia;63;753;E80, E83, E871
BG;Blagoevgrad;92;845; 
GR;Séres;124;969; 
GR;Thessaloníki;81;1050;E75, E90
Country;City;Km (section);Km (cuml.);Connection
P;Coimbra;0;0;E80, E01
P;Viseu;91;91;E80
P;Vila Real;101;192;E82
P;Chaves;63;255;E805
E;Verín;26;281; 
Country;City;Km (section);Km (cuml.);Connection
P;Bragança;0;0;E82
P;Guarda;192;192;E80, E806
P;Castelo Branco;101;293;E806
P;Portalegre;84;377; 
P;Évora;100;477;E90
P;Beja;77;555; 
P;Ourique;65;620; 
Country;City;Km (section);Km (cuml.);Connection
E;Salamanca;0;0;E80
E;Merida;278;278; 
E;Sevilla;194;472;E05, E01
Country;City;Km (section);Km (cuml.);Connection
E;Bilbao;0;0;E70
E;Logroño;131;131; 
E;Zaragoza;174;305;E90, E07
Country;City;Km (section);Km (cuml.);Connection
P;Famalicão;0;0; 
P;Chaves;377;377;E801
Country;City;Km (section);Km (cuml.);Connection
P;Torres Novas;0;0; 
P;Abrantes;32;32; 
P;Castelo Branco;99;130;E802
P;Guarda;101;231;E80, E802
Country;City;Km (section);Km (cuml.);Connection
P;Lisboa;0;0;E90, E01
P;Santarem;82;82; 
P;Leiria;73;155; 
P;Coimbra;74;229;E01, E801
P;Aveiro;61;291;E01
P;Viseu;72;362;E801
P;Guarda;68;430;E802, E806
P;Vilar Formoso;42;472; 
E;Salamanca;116;588;E803
E;Burgos;239;828;E05
E;San Sebastián;246;1074;E05, E70
F;Pau;157;1231;E07
F;Toulouse;195;1426;E09, E72
F;Narbonne;154;1580;E15
F;Nîmes;142;1722; 
F;Aix-en-Provence;106;1828; 
F;Nice;175;2003;E74
I;Ventimiglia;34;2037; 
I;Savona;111;2147;E717
I;Genova;48;2196;E25, E62
I;La Spezia;102;2298;E33
I;Migliarino;71;2369;E76
I;Livorno;32;2402; 
I;Grosseto;135;2536;E78
I;Roma;182;2718;E35, E821
I;Pescara;209;2927;E55
HR;Dubrovnik;320;3247;E65
YU;Petrovac;144;3391;E65, E851
YU;Podgorica;48;3439;E65, E762
YU;PriÅ¡tina;237;3676;E851
YU;NiÅ¡;124;3800;E75, E771
YU;Dimitrovgrad;94;3894; 
BG;Sofia;59;3953;E79, E83, E871
BG;Plovdiv;140;4093; 
BG;Svilengrad;140;4233;E85
TR;Edirne;34;4266; 
TR;Babaeski;62;4328;E87
TR;Silivri;123;4451;E84
TR;Istanbul;71;4523; 
TR;Izmit;107;4630; 
TR;Adapazari;42;4672; 
TR;Bolu;111;4783; 
TR;Gerede;66;4848;E89
TR;Ilgaz;142;4990; 
TR;Amasya;229;5219; 
TR;Niksar;111;5330; 
TR;Refahiye;191;5521;E88
TR;Erzincan;70;5591; 
TR;Askale;138;5729;E97
TR;Erzurum;54;5783; 
TR;AÄri;185;5968;Â 
TR;Gürbulak;129;6097; 
 ;*Iran*;6;6102; 
Country;City;Km (section);Km (cuml.);Connection
RO;Halmeu;0;0; 
RO;Satu Mare;31;31; 
RO;Zalau;93;124; 
RO;Cluj-Napoca;77;201;E60, E576
RO;Turda;29;230;E60
RO;SebeÅ;81;311;Â 
RO;Sibiu;52;363;E68
RO;PiteÅti;145;509;E70, E574
Country;City;Km (section);Km (cuml.);Connection
I;Roma;0;0;E35, E80
I;San Cesareo;36;36;E45
Country;City;Km (section);Km (cuml.);Connection
P;Porto;0;0;E01
P;Vila Real;93;93;E801
P;Bragança;116;210;E802
E;Zamora;102;312; 
E;Tordesillas;68;379; 
Country;City;Km (section);Km (cuml.);Connection
BG;Bjala;0;0;E85
BG;Pleven;95;95; 
BG;Jablanica;78;174;E772
BG;Botevgrad;29;203;E79
BG;Sofia;63;266;E80, E79, E871
Country;City;Km (section);Km (cuml.);Connection
I;Avellino;0;0;E842
I;Salerno;36;36;E45
Country;City;Km (section);Km (cuml.);Connection
I;Napoli;0;0;E45
I;Avellino;56;56;E841
I;Benevento;28;84; 
I;Canosa di Puglia;135;218;E55
Country;City;Km (section);Km (cuml.);Connection
I;Bari;0;0;E55
I;Taranto;94;94;E90
Country;City;Km (section);Km (cuml.);Connection
I;Spezzano Albanese;0;0; 
I;Sibari;24;24;E90
Country;City;Km (section);Km (cuml.);Connection
I;Cosenza;0;0;E45
I;Crotone;117;117;E90
Country;City;Km (section);Km (cuml.);Connection
I;Sicignano degli Alburni;0;0;E45
I;Potenza;59;59; 
I;Metaponto;111;171;E90
Country;City;Km (section);Km (cuml.);Connection
I;Sant'Eufemia Lamezia;0;0; 
I;Catanzaro;37;37;E90
Country;City;Km (section);Km (cuml.);Connection
TR;KeÅan;0;0;E90, E87
TR;Tekirdag;93;93; 
TR;Silivri;70;163;E80
Country;City;Km (section);Km (cuml.);Connection
YU;Petrovac;0;0;E65, E80
 ;*Albania*;53;53; 
 ;*Albania*;148;201; 
YU;Prizren;16;216; 
YU;PriÅ¡tina;78;295;E80
Country;City;Km (section);Km (cuml.);Connection
MK;Ohrid;0;0;E65
 ;*Albania*;29;29; 
Country;City;Km (section);Km (cuml.);Connection
GR;Ioánnina;0;0;E90, E92, E951
 ;*Albania*;61;61; 
Country;City;Km (section);Km (cuml.);Connection
LT;Klaipéda;0;0;E271, E272
LT;Kaunas;213;213;E67, E271
LT;Vilnius;103;317;E271, E272
BY;Lida;95;412; 
BY;Slonim;97;509; 
BY;Kobrin;145;654; 
UA;Luck;202;856; 
UA;Äernovcy;333;1190;Â 
RO;Siret;41;1231; 
RO;Suceava;40;1271;E576
RO;Roman;104;1375;E583
RO;BacÄu;42;1417;E574
RO;MÄrÄÅeÅti;85;1502;E581
RO;BuzÄu;93;1594;Â 
RO;Urziceni;53;1647;E60
RO;BucureÅti;57;1705;E60, E70
RO;Giurgiu;65;1769;E70
BG;Ruse;14;1784;E70
BG;Bjala;49;1833;E83
BG;Veliko Tarnovo;52;1885;E772
BG;Stara Zagora;108;1993;E773
BG;Haskovo;59;2052; 
BG;Svilengrad;68;2119;E80
GR;Orménio;17;2136; 
GR;Kastanies;31;2167; 
GR;Didimoticho;38;2205; 
GR;Alexandropoúli;110;2315;E90
Country;City;Km (section);Km (cuml.);Connection
GR;Kristalopigí;0;0; 
GR;Flórina;45;45; 
GR;Vévi;21;66;E65
GR;Géfira;111;177; 
Country;City;Km (section);Km (cuml.);Connection
BG;Sofia;0;0;E80, E79, E83
BG;Kjustendil;95;95; 
MK;Kumanovo;98;194;E75
Country;City;Km (section);Km (cuml.);Connection
RO;Tulcea;0;0; 
RO;Constanta;129;129;E60
BG;Varna;156;285;E70
BG;Burgas;127;412;E773
BG;MiÄurin;62;474;Â 
BG;Malko Tarnovo;41;515; 
TR;Dereköy;15;529; 
TR;Kirklareli;31;560; 
TR;Babaeski;37;597;E80
TR;Havza;27;624; 
TR;KeÅan;85;709;E90, E84
TR;Gelibolu;67;776;E90
TR;Eceabat;43;818; 
TR;Çanakkale;6;824; 
TR;Ayvalik;180;1005; 
TR;Izmir;153;1158;E96
TR;Selçuk;81;1239; 
TR;Aydin;51;1290; 
TR;Denizli;184;1474; 
TR;Acipayam;57;1530; 
TR;Korkuteli;105;1635; 
TR;Antalya;64;1700; 
Country;City;Km (section);Km (cuml.);Connection
TR;Ankara;0;0;E90, E89
TR;Yozgat;213;213; 
TR;Sivas;234;447; 
TR;Refahiye;174;621;E80
Country;City;Km (section);Km (cuml.);Connection
TR;Gerede;0;0;E80
TR;Kizilcahamam;64;64; 
TR;Ankara;83;147;E90, E88
Country;City;Km (section);Km (cuml.);Connection
E;Madrid;0;0;E05, E90
E;Valencia;344;344;E15
Country;City;Km (section);Km (cuml.);Connection
E;Jaén;0;0; 
E;Granada;88;88; 
E;Málaga;124;212; 
Country;City;Km (section);Km (cuml.);Connection
P;Lisboa;0;0;E80, E01
P;Montijo;50;50; 
P;Setúbal;23;73;E01
P;Évora;99;172;E802
P;Caia;98;270; 
E;Badajoz;57;328; 
E;Madrid;406;733;E05, E901
E;Zaragoza;310;1043;E07, E804
E;Lérida;149;1192; 
E;Barcelona;178;1370;E15, E09
I;Mazara del Vallo;986;2356;E931
I;Alcamo;79;2435;E933
I;Palermo;64;2499; 
I;Buonfornello;47;2547;E932
I;Messina;184;2731;E45
I;Reggio di Calabria;19;2749; 
I;Catanzaro;197;2946;E848
I;Crotone;74;3020;E846
I;Sibari;115;3135;E844
I;Metaponto;195;3330;E847
I;Taranto;48;3378;E843
I;Brindisi;70;3448;E55
GR;Igoumenítsa;252;3699;E55, E92
GR;Ioánnina;92;3791;E92, E853, E951
GR;Kozáni;181;3972;E65
GR;Thessaloníki;129;4101;E75, E79
GR;Alexandropoúli;343;4443;E85
TR;Ipsala;54;4497; 
TR;KeÅan;31;4528;E87, E84
TR;Gelibolu;67;4595;E87
TR;Lapseki;8;4602; 
TR;Bursa;224;4827; 
TR;EskiÅehir;151;4978;Â 
TR;Sivrihisar;97;5075;E96
TR;Ankara;148;5223;E89, E88
TR;Aksaray;233;5455; 
TR;Adana;252;5708; 
TR;Toprakkale;89;5797;E91
TR;Gazi Antep;135;5932; 
TR;Sanli Urfa;140;6073;E99
TR;Nusaybin;230;6302; 
TR;Cizre;95;6397; 
TR;Habur;44;6441; 
 ;*Iraq*;1;6442; 
Country;City;Km (section);Km (cuml.);Connection
TR;Toprakkale;0;0;E90
TR;Iskenderun;63;63; 
TR;TopboÄazi;23;86;E98
TR;Antakya;31;118; 
TR;YayladaÄi;43;161;Â 
 ;*Syria*;5;165; 
Country;City;Km (section);Km (cuml.);Connection
GR;Igoumenítsa;0;0;E55, E90
GR;Ioánnina;92;92;E90, E853, E951
GR;Tríkala;139;230; 
GR;Vólos;119;350; 
Country;City;Km (section);Km (cuml.);Connection
I;Mazara del Vallo;0;0;E90
I;Gela;189;189;E45
Country;City;Km (section);Km (cuml.);Connection
I;Buonfornello;0;0;E90
I;Enna;86;86; 
I;Catánia;85;171;E45
Country;City;Km (section);Km (cuml.);Connection
I;Alcamo;0;0;E90
I;Trapani;57;57; 
Country;City;Km (section);Km (cuml.);Connection
GR;Korinthos;0;0;E65
GR;Athína;83;83;E75
Country;City;Km (section);Km (cuml.);Connection
GR;Ioánnina;0;0;E90, E92, E853
GR;Árta;72;72; 
GR;Agrínio;83;155; 
GR;Mesolóngi;35;190;E55
Country;City;Km (section);Km (cuml.);Connection
GR;Aktio;0;0; 
GR;Vónitsa;14;14; 
GR;Amfilochía;38;52; 
GR;Karpenísi;113;165; 
GR;Lamía;77;242;E65, E75
Country;City;Km (section);Km (cuml.);Connection
RUS;Sankt-Peterburg;0;0;E105, E20, E18
RUS;Pskov;282;282; 
BY;Gomel';686;967;E271
UA;Kiev;249;1216;E40, E381
UA;Odessa;477;1694;E581
TR;Samsun;731;2424;E70
TR;Merzifon;103;2527; 
Country;City;Km (section);Km (cuml.);Connection
GR;Trípoli;0;0;E65
GR;Spárti;60;60; 
GR;Gíthio;44;104; 
Country;City;Km (section);Km (cuml.);Connection
GR;Elefsína;0;0; 
GR;Thíva;48;48; 
Country;City;Km (section);Km (cuml.);Connection
TR;Izmir;0;0;E87
TR;Usak;211;211; 
TR;Afyon;114;325; 
TR;Sivrihisar;121;446;E90
Country;City;Km (section);Km (cuml.);Connection
RUS;Rostov-na-Donu;0;0;E115, E40
RUS;Krasnodar;279;279; 
RUS;Novorossijsk;141;420; 
RUS;SoÄi;233;653;Â 
GE;Batumi;372;1025; 
TR;Trabzon;200;1225;E70
TR;Gümüshane;91;1316; 
TR;Askale;140;1455;E80
Country;City;Km (section);Km (cuml.);Connection
TR;TopboÄazi;0;0;E91
TR;Kirikhan;10;10; 
TR;Reyhanli;38;48; 
TR;Cilvegözü;14;62; 
 ;*Syria*;2;64; 
Country;City;Km (section);Km (cuml.);Connection
TR;DoÄubayazit;0;0;Â 
TR;Muradiye;87;87; 
TR;Bitlis;189;276; 
TR;Diyarbakir;205;481; 
TR;Sanli Urfa;186;667;E90
